corr;tau
0;0.74923766
1;-0.20508404
2;-0.017779397
3;0.19983669
4;0.14211209
5;-0.07927971
6;-0.16645709
7;0.03280154
8;-0.110666424
9;0.13368481
10;-0.31751272
11;0.0051606027
12;0.22977301
13;-0.237839
14;0.0738571
15;-0.044273205
16;0.04904849
17;0.01566197
18;-0.1562165
19;0.14244252
20;-0.036675125
21;-0.054202538
22;0.0662127
23;0.01155596
24;0.0396458
25;-0.0827615
26;0.11468746
27;0.04497789
28;-0.08663912
29;0.10384526
30;-0.043414038