corr;tau
0;1.0
1;-0.27710763
2;0.053280447
3;0.25810412
4;-0.18085775
5;0.40148276
6;-0.40229565
7;0.008569881
8;0.14170867
9;0.069351725
10;0.18529598
11;-0.34276527
12;0.35982335
13;0.13835187
14;-0.27581906
15;-0.02748671
16;-0.21061581
17;0.009528782
18;-0.10062512
19;-0.2599918
20;-0.088111185
21;0.12234918
22;0.06850003
23;-0.20775291
24;-0.02224689
25;0.07078476
26;-0.044371486
27;-0.20569338
28;-0.13513069
29;-0.049693726
30;-0.015506175